ID,content,author_corpID,task_ID,subtask_ID,createdAt,createdBy,modifiedAt,modifiedBy
26415736-c19a-42f0-b024-a978d3c1477d,content-26415736,s-23510678,26870605-9bd1-4a69-98e5-6b2c2210049c,71531752-4a1b-4113-95e2-08a799b84e93,2008-01-20T00:00:00.000Z,createdBy.fq6ig@example.net,2003-11-08T00:00:00.000Z,modifiedBy.fq6ig@example.org
26415737-1a6f-44d4-be95-072dac1380e4,content-26415737,s-23510678,26870605-9bd1-4a69-98e5-6b2c2210049c,71531752-4a1b-4113-95e2-08a799b84e93,2013-12-26T00:00:00.000Z,createdBy.fq6ih@example.org,2004-11-08T00:00:00.000Z,modifiedBy.fq6ih@example.com
26415738-389c-4307-a97d-0870a08958f9,content-26415738,s-23510678,26870605-9bd1-4a69-98e5-6b2c2210049c,71531752-4a1b-4113-95e2-08a799b84e93,2010-06-21T00:00:00.000Z,createdBy.fq6ii@example.net,2006-05-29T00:00:00.000Z,modifiedBy.fq6ii@example.net
26415739-61b8-4c4b-a0f4-1a07738face5,content-26415739,s-23510678,26870605-9bd1-4a69-98e5-6b2c2210049c,71531752-4a1b-4113-95e2-08a799b84e93,2001-12-24T00:00:00.000Z,createdBy.fq6ij@example.com,2018-10-10T00:00:00.000Z,modifiedBy.fq6ij@example.net
26415740-ce26-4605-b5fe-5a9628e5654b,content-26415740,s-23510678,26870605-9bd1-4a69-98e5-6b2c2210049c,71531752-4a1b-4113-95e2-08a799b84e93,2007-05-16T00:00:00.000Z,createdBy.fq6ik@example.com,2012-12-16T00:00:00.000Z,modifiedBy.fq6ik@example.com
26415741-b827-4228-aa52-aefd71da046f,content-26415741,s-23510678,26870605-9bd1-4a69-98e5-6b2c2210049c,71531752-4a1b-4113-95e2-08a799b84e93,2004-06-21T00:00:00.000Z,createdBy.fq6il@example.org,2009-04-08T00:00:00.000Z,modifiedBy.fq6il@example.net
26415742-6fb9-4e62-8279-9283b4e8d617,content-26415742,s-23510678,26870605-9bd1-4a69-98e5-6b2c2210049c,71531752-4a1b-4113-95e2-08a799b84e93,2002-02-07T00:00:00.000Z,createdBy.fq6im@example.org,2017-06-28T00:00:00.000Z,modifiedBy.fq6im@example.com
26415743-822e-4ddf-a026-b7a11415f82b,content-26415743,s-23510678,26870605-9bd1-4a69-98e5-6b2c2210049c,71531752-4a1b-4113-95e2-08a799b84e93,2019-03-04T00:00:00.000Z,createdBy.fq6in@example.net,2010-12-08T00:00:00.000Z,modifiedBy.fq6in@example.org
26415744-22b3-4c2b-b550-730adc4f8c59,content-26415744,s-23510678,26870605-9bd1-4a69-98e5-6b2c2210049c,71531752-4a1b-4113-95e2-08a799b84e93,2000-03-04T00:00:00.000Z,createdBy.fq6io@example.org,2019-11-24T00:00:00.000Z,modifiedBy.fq6io@example.com
26415745-9860-41c3-9d83-e627098cb56e,content-26415745,s-23510678,26870605-9bd1-4a69-98e5-6b2c2210049c,71531752-4a1b-4113-95e2-08a799b84e93,2013-02-15T00:00:00.000Z,createdBy.fq6ip@example.org,2020-11-24T00:00:00.000Z,modifiedBy.fq6ip@example.org
26415746-f7ad-4d92-89dd-9ec3d12bc3d3,content-26415746,s-23510678,26870605-9bd1-4a69-98e5-6b2c2210049c,71531752-4a1b-4113-95e2-08a799b84e93,2010-01-04T00:00:00.000Z,createdBy.fq6iq@example.org,2005-02-15T00:00:00.000Z,modifiedBy.fq6iq@example.net
26415747-f6a0-40d9-8386-f1ec093bd2a5,content-26415747,s-23510678,26870605-9bd1-4a69-98e5-6b2c2210049c,71531752-4a1b-4113-95e2-08a799b84e93,2017-12-25T00:00:00.000Z,createdBy.fq6ir@example.org,2000-11-28T00:00:00.000Z,modifiedBy.fq6ir@example.org
26415748-64f3-49f3-b888-db75e4f464d0,content-26415748,s-23510678,26870605-9bd1-4a69-98e5-6b2c2210049c,71531752-4a1b-4113-95e2-08a799b84e93,2011-11-30T00:00:00.000Z,createdBy.fq6is@example.com,2018-08-20T00:00:00.000Z,modifiedBy.fq6is@example.org
26415749-e057-45f3-85f3-0b652e9e100f,content-26415749,s-23510678,26870605-9bd1-4a69-98e5-6b2c2210049c,71531752-4a1b-4113-95e2-08a799b84e93,2021-10-22T00:00:00.000Z,createdBy.fq6it@example.org,2014-10-16T00:00:00.000Z,modifiedBy.fq6it@example.com
26415750-cb6a-4f04-a972-605b21deab32,content-26415750,s-23510678,26870605-9bd1-4a69-98e5-6b2c2210049c,71531752-4a1b-4113-95e2-08a799b84e93,2007-09-18T00:00:00.000Z,createdBy.fq6iu@example.com,2011-10-28T00:00:00.000Z,modifiedBy.fq6iu@example.org
26415751-71bb-4c35-9ed1-808e7fc74a9f,content-26415751,s-23510678,26870605-9bd1-4a69-98e5-6b2c2210049c,71531752-4a1b-4113-95e2-08a799b84e93,2009-01-04T00:00:00.000Z,createdBy.fq6iv@example.org,2008-10-01T00:00:00.000Z,modifiedBy.fq6iv@example.org
26415752-2cc4-4a08-b625-ebd1ebf2c556,content-26415752,s-23510678,26870605-9bd1-4a69-98e5-6b2c2210049c,71531752-4a1b-4113-95e2-08a799b84e93,2011-03-11T00:00:00.000Z,createdBy.fq6iw@example.org,2002-06-06T00:00:00.000Z,modifiedBy.fq6iw@example.com
26415753-5285-4785-b1b5-3c23750dfe18,content-26415753,s-23510678,26870605-9bd1-4a69-98e5-6b2c2210049c,71531752-4a1b-4113-95e2-08a799b84e93,2003-08-24T00:00:00.000Z,createdBy.fq6ix@example.org,2003-11-10T00:00:00.000Z,modifiedBy.fq6ix@example.com
26415754-9173-4b02-8bef-54af786bc6ca,content-26415754,s-23510678,26870605-9bd1-4a69-98e5-6b2c2210049c,71531752-4a1b-4113-95e2-08a799b84e93,2002-10-04T00:00:00.000Z,createdBy.fq6iy@example.com,2014-01-28T00:00:00.000Z,modifiedBy.fq6iy@example.org
26415755-df56-4cfc-ada8-6388137677fe,content-26415755,s-23510678,26870605-9bd1-4a69-98e5-6b2c2210049c,71531752-4a1b-4113-95e2-08a799b84e93,2009-09-25T00:00:00.000Z,createdBy.fq6iz@example.com,2005-03-10T00:00:00.000Z,modifiedBy.fq6iz@example.org
26415756-a708-4d68-b72a-c777d1730db8,content-26415756,s-23510678,26870605-9bd1-4a69-98e5-6b2c2210049c,71531752-4a1b-4113-95e2-08a799b84e93,2010-01-24T00:00:00.000Z,createdBy.fq6j0@example.org,2005-05-11T00:00:00.000Z,modifiedBy.fq6j0@example.org
26415757-a805-4ffa-8e5b-f5ab819f5cf4,content-26415757,s-23510678,26870605-9bd1-4a69-98e5-6b2c2210049c,71531752-4a1b-4113-95e2-08a799b84e93,2014-08-30T00:00:00.000Z,createdBy.fq6j1@example.org,2021-03-15T00:00:00.000Z,modifiedBy.fq6j1@example.com
26415758-38a8-4ba2-94c7-9583780ff1ae,content-26415758,s-23510678,26870605-9bd1-4a69-98e5-6b2c2210049c,71531752-4a1b-4113-95e2-08a799b84e93,2010-11-14T00:00:00.000Z,createdBy.fq6j2@example.net,2002-04-30T00:00:00.000Z,modifiedBy.fq6j2@example.net
26415759-27f0-4158-bfa7-f279ba56fcc0,content-26415759,s-23510678,26870605-9bd1-4a69-98e5-6b2c2210049c,71531752-4a1b-4113-95e2-08a799b84e93,2005-08-21T00:00:00.000Z,createdBy.fq6j3@example.net,2021-02-14T00:00:00.000Z,modifiedBy.fq6j3@example.net
26415760-e807-4d0c-a292-30c429e6420b,content-26415760,s-23510678,26870605-9bd1-4a69-98e5-6b2c2210049c,71531752-4a1b-4113-95e2-08a799b84e93,2004-01-31T00:00:00.000Z,createdBy.fq6j4@example.org,2018-01-08T00:00:00.000Z,modifiedBy.fq6j4@example.org